Epitope,Epitope,Epitope,Epitope,Epitope,Epitope,Epitope,Epitope,Epitope,Epitope,Epitope,Epitope
Epitope ID,Object Type,Description,Starting Position,Ending Position,Non-peptidic epitope ChEBI ID,Epitope Synonyms,Antigen Name,Antigen ID,Organism Name,Organism ID,Epitope Comments
"4169","Linear peptide","ARKLLLDNL","70","78","","","PqqC-like protein","GI:32129858","Chlamydia trachomatis","813",""
"7481","Linear peptide","DADKYAVTV","367","375","","","Major outer membrane porin, serovar E precursor","GI:129149","Chlamydia trachomatis","813","The epitope is imported from Functional Molecular Immunology (FIMM) and HLA Ligand databases, and recurated by IEDB."
"9995","Linear peptide","DRLALLANL","242","250","","","Exodeoxyribonuclease V, Gamma","GI:15605372","Chlamydia trachomatis","813","Data originally imported from the HLA Ligand Database (http://hlaligand.ouhsc.edu/) and recurated."
"13983","Linear peptide","EREQTLNQL","544","552","","","ATP-dependent zinc protease","GI:15605576","Chlamydia trachomatis","813","Data originally imported from the HLA Ligand Database (http://hlaligand.ouhsc.edu/) and recurated."
"13991","Linear peptide","ERFLAQEQL","347","355","","","hypothetical protein CT850","GI:15605586","Chlamydia trachomatis","813",""
"28338","Linear peptide","IRMFKILPL","406","414","","","hypothetical protein CT339","GI:15605062","Chlamydia trachomatis","813","Data originally imported from the HLA Ligand Database (http://hlaligand.ouhsc.edu/) and recurated."
"28403","Linear peptide","IRSSVQNKL","101","109","","","Invasin repeat family phosphatase","GI:15605331","Chlamydia trachomatis","813",""
"42455","Linear peptide","MRDHTITLL","330","338","","","Probable Na(+)-translocating NADH-quinone reductase subunit A","GI:15214095","Chlamydia trachomatis","813","Data originally imported from the HLA Ligand Database (http://hlaligand.ouhsc.edu/) and recurated."
"43108","Linear peptide","NAACMALNI","121","129","","","Major outer membrane porin, serovar E precursor","GI:129149","Chlamydia trachomatis","813","The epitope is imported from Functional Molecular Immunology (FIMM) and HLA Ligand databases, and recurated by IEDB."
"44976","Linear peptide","NMFTPYIGV","282","290","","","Major outer membrane porin, serovar E precursor","GI:129149","Chlamydia trachomatis","813","The epitope is imported from Functional Molecular Immunology (FIMM) and HLA Ligand databases, and recurated by IEDB."
"45652","Linear peptide","NRAKQVIKL","7","15","","","Probable ATP-dependent Clp protease ATP-binding subunit","GI:14194496","Chlamydia trachomatis","813","Data originally imported from the HLA Ligand Database (http://hlaligand.ouhsc.edu/) and recurated."
"45672","Linear peptide","NRELIQQEL","114","122","","","hypothetical protein CT847","GI:15605582","Chlamydia trachomatis","813",""
"45677","Linear peptide","NRFSVAYML","1689","1697","","","Probable outer membrane protein pmpC precursor","GI:14195036","Chlamydia trachomatis","813","Data originally imported from the HLA Ligand Database (http://hlaligand.ouhsc.edu/) and recurated."
"54686","Linear peptide","RLNMFTPYI","280","288","","","Major outer membrane porin, serovar E precursor","GI:129149","Chlamydia trachomatis","813","The epitope is imported from Functional Molecular Immunology (FIMM) and HLA Ligand databases, and recurated by IEDB."
"59044","Linear peptide","SLDQSVVEL","177","185","","","Major outer membrane porin, serovar E precursor","GI:129149","Chlamydia trachomatis","813","The epitope is imported from Functional Molecular Immunology (FIMM) and HLA Ligand databases, and recurated by IEDB."
"72979","Linear peptide","WQASLALSY","274","282","","","Major outer membrane porin, serovar A precursor","GI:129133","Chlamydia trachomatis","813","Data originally imported from the HLA Ligand Database (http://hlaligand.ouhsc.edu/) and recurated."
"75632","Linear peptide","YRLLLTRVL","409","417","","","predicted Efflux Protein","GI:15605373","Chlamydia trachomatis","813","Data originally imported from the HLA Ligand Database (http://hlaligand.ouhsc.edu/) and recurated."
